t,count,max,mean,min,stddev,p50,p75,p95,p98,p99,p999,mean_rate,m1_rate,m5_rate,m15_rate,rate_unit,duration_unit
1598451892,3,6.760998,2.688269,0.069693,2.918825,1.234117,6.760998,6.760998,6.760998,6.760998,6.760998,0.769045,0.000000,0.000000,0.000000,calls/second,milliseconds
1598451893,3,6.760998,2.688269,0.069693,2.918825,1.234117,6.760998,6.760998,6.760998,6.760998,6.760998,0.620274,0.000000,0.000000,0.000000,calls/second,milliseconds
1598451894,11,6.760998,1.172593,0.051441,2.016881,0.188453,1.234117,6.760998,6.760998,6.760998,6.760998,1.883550,0.600000,0.600000,0.600000,calls/second,milliseconds
1598451895,11,6.760998,1.172593,0.051441,2.016881,0.188453,1.234117,6.760998,6.760998,6.760998,6.760998,1.609777,0.600000,0.600000,0.600000,calls/second,milliseconds
1598451896,16,6.760998,1.143372,0.051441,2.021005,0.090135,0.457917,6.760998,6.760998,6.760998,6.760998,2.043684,0.600000,0.600000,0.600000,calls/second,milliseconds
1598451897,18,6.760998,1.020519,0.051441,1.931777,0.079855,0.457917,6.760998,6.760998,6.760998,6.760998,2.037935,0.600000,0.600000,0.600000,calls/second,milliseconds
1598451898,19,6.760998,0.968369,0.051441,1.890211,0.079855,0.457917,6.760998,6.760998,6.760998,6.760998,1.932694,0.600000,0.600000,0.600000,calls/second,milliseconds
1598451899,20,6.760998,0.921970,0.051441,1.849927,0.079855,0.390250,5.169247,6.760998,6.760998,6.760998,1.846440,0.807885,0.642974,0.614404,calls/second,milliseconds
1598451900,37,6.760998,0.509532,0.033819,1.399704,0.075271,0.095195,5.169247,6.760998,6.760998,6.760998,3.128807,0.807885,0.642974,0.614404,calls/second,milliseconds
1598451901,37,6.760998,0.509532,0.033819,1.399704,0.075271,0.095195,5.169247,6.760998,6.760998,6.760998,2.884205,0.807885,0.642974,0.614404,calls/second,milliseconds
1598451902,38,6.760998,0.497799,0.033819,1.381752,0.075271,0.095195,3.622515,6.760998,6.760998,6.760998,2.748005,0.807885,0.642974,0.614404,calls/second,milliseconds
1598451903,42,6.760998,0.455533,0.033819,1.315501,0.075857,0.095195,3.622515,6.760998,6.760998,6.760998,2.832288,0.807885,0.642974,0.614404,calls/second,milliseconds
1598451904,43,6.760998,0.445750,0.033819,1.299977,0.075857,0.092048,3.622515,6.760998,6.760998,6.760998,2.716633,1.111085,0.708378,0.636485,calls/second,milliseconds
1598451905,43,6.760998,0.445750,0.033819,1.299977,0.075857,0.092048,3.622515,6.760998,6.760998,6.760998,2.555319,1.111085,0.708378,0.636485,calls/second,milliseconds
1598451906,47,6.760998,0.411187,0.033819,1.241973,0.075857,0.090135,3.622515,5.169247,6.760998,6.760998,2.636327,1.111085,0.708378,0.636485,calls/second,milliseconds
1598451907,47,6.760998,0.411187,0.033819,1.241973,0.075857,0.090135,3.622515,5.169247,6.760998,6.760998,2.496369,1.111085,0.708378,0.636485,calls/second,milliseconds
1598451908,47,6.760998,0.411187,0.033819,1.241973,0.075857,0.090135,3.622515,5.169247,6.760998,6.760998,2.370565,1.111085,0.708378,0.636485,calls/second,milliseconds
1598451909,52,6.760998,0.374369,0.033819,1.175688,0.075271,0.092048,3.622515,5.169247,6.760998,6.760998,2.496731,1.102203,0.713198,0.638499,calls/second,milliseconds
1598451910,52,6.760998,0.374369,0.033819,1.175688,0.075271,0.092048,3.622515,5.169247,6.760998,6.760998,2.382421,1.102203,0.713198,0.638499,calls/second,milliseconds
1598451911,52,6.760998,0.374369,0.033819,1.175688,0.075271,0.092048,3.622515,5.169247,6.760998,6.760998,2.278167,1.102203,0.713198,0.638499,calls/second,milliseconds
1598451912,52,6.760998,0.374369,0.033819,1.175688,0.075271,0.092048,3.622515,5.169247,6.760998,6.760998,2.182517,1.102203,0.713198,0.638499,calls/second,milliseconds
1598451913,53,6.760998,0.366925,0.033819,1.163298,0.074464,0.092048,3.622515,5.169247,6.760998,6.760998,2.134429,1.102203,0.713198,0.638499,calls/second,milliseconds
1598451914,61,6.760998,0.316441,0.033819,1.074914,0.073266,0.086248,1.234117,5.169247,6.760998,6.760998,2.361685,1.110023,0.721244,0.641610,calls/second,milliseconds
1598451915,64,6.760998,0.302236,0.033819,1.046096,0.072925,0.089458,1.234117,5.169247,6.760998,6.760998,2.385752,1.110023,0.721244,0.641610,calls/second,milliseconds
1598451916,65,6.760998,0.297578,0.033819,1.036899,0.072191,0.086248,1.234117,5.169247,6.760998,6.760998,2.335949,1.110023,0.721244,0.641610,calls/second,milliseconds
1598451917,67,6.760998,0.288808,0.033819,1.018905,0.070291,0.086248,1.234117,5.169247,6.760998,6.760998,2.324311,1.110023,0.721244,0.641610,calls/second,milliseconds
1598451918,67,6.760998,0.288808,0.033819,1.018905,0.070291,0.086248,1.234117,5.169247,6.760998,6.760998,2.246417,1.110023,0.721244,0.641610,calls/second,milliseconds
1598451919,69,6.760998,0.280355,0.033819,1.001177,0.070066,0.083415,0.457917,5.169247,6.760998,6.760998,2.238388,1.261137,0.758909,0.654676,calls/second,milliseconds
1598451920,69,6.760998,0.280355,0.033819,1.001177,0.070066,0.083415,0.457917,5.169247,6.760998,6.760998,2.168067,1.261137,0.758909,0.654676,calls/second,milliseconds
1598451921,69,6.760998,0.280355,0.033819,1.001177,0.070066,0.083415,0.457917,5.169247,6.760998,6.760998,2.102072,1.261137,0.758909,0.654676,calls/second,milliseconds
1598451922,93,6.760998,0.206368,0.017948,0.838009,0.058481,0.077044,0.390250,3.622515,5.169247,6.760998,2.749372,1.261137,0.758909,0.654676,calls/second,milliseconds
1598451923,94,6.760998,0.204771,0.017948,0.832658,0.058481,0.077978,0.390250,3.622515,5.169247,6.760998,2.699147,1.261137,0.758909,0.654676,calls/second,milliseconds
1598451924,96,6.760998,0.200548,0.017948,0.822206,0.057444,0.077044,0.188453,3.622515,5.169247,6.760998,2.679633,1.592062,0.835619,0.680966,calls/second,milliseconds
1598451925,96,6.760998,0.200548,0.017948,0.822206,0.057444,0.077044,0.188453,3.622515,5.169247,6.760998,2.606882,1.592062,0.835619,0.680966,calls/second,milliseconds
1598451926,97,6.760998,0.198492,0.017948,0.817006,0.057444,0.077044,0.188453,3.622515,5.169247,6.760998,2.564366,1.592062,0.835619,0.680966,calls/second,milliseconds
1598451927,97,6.760998,0.198492,0.017948,0.817006,0.057444,0.077044,0.188453,3.622515,5.169247,6.760998,2.498363,1.592062,0.835619,0.680966,calls/second,milliseconds
1598451928,97,6.760998,0.198492,0.017948,0.817006,0.057444,0.077044,0.188453,3.622515,5.169247,6.760998,2.435635,1.592062,0.835619,0.680966,calls/second,milliseconds
1598451929,98,6.760998,0.196475,0.017948,0.811572,0.055985,0.077044,0.188453,3.622515,5.169247,6.760998,2.400478,1.496750,0.828419,0.679409,calls/second,milliseconds
1598451930,98,6.760998,0.196475,0.017948,0.811572,0.055985,0.077044,0.188453,3.622515,5.169247,6.760998,2.343102,1.496750,0.828419,0.679409,calls/second,milliseconds
1598451931,98,6.760998,0.196475,0.017948,0.811572,0.055985,0.077044,0.188453,3.622515,5.169247,6.760998,2.288399,1.496750,0.828419,0.679409,calls/second,milliseconds
1598451932,98,6.760998,0.196475,0.017948,0.811572,0.055985,0.077044,0.188453,3.622515,5.169247,6.760998,2.236189,1.496750,0.828419,0.679409,calls/second,milliseconds
1598451933,99,6.760998,0.194598,0.017948,0.805973,0.057444,0.076226,0.188453,3.622515,5.169247,6.760998,2.208310,1.496750,0.828419,0.679409,calls/second,milliseconds
1598451934,100,6.760998,0.194289,0.017948,0.800260,0.058481,0.077978,0.188453,3.622515,5.169247,6.760998,2.182365,1.425050,0.824644,0.678969,calls/second,milliseconds
1598451935,100,6.760998,0.194289,0.017948,0.800260,0.058481,0.077978,0.188453,3.622515,5.169247,6.760998,2.135547,1.425050,0.824644,0.678969,calls/second,milliseconds
1598451936,102,6.760998,0.191937,0.017948,0.788888,0.058674,0.078552,0.188453,3.622515,5.169247,6.760998,2.132812,1.425050,0.824644,0.678969,calls/second,milliseconds
1598451937,102,6.760998,0.191937,0.017948,0.788888,0.058674,0.078552,0.188453,3.622515,5.169247,6.760998,2.089147,1.425050,0.824644,0.678969,calls/second,milliseconds
1598451938,102,6.760998,0.191937,0.017948,0.788888,0.058674,0.078552,0.188453,3.622515,5.169247,6.760998,2.047249,1.425050,0.824644,0.678969,calls/second,milliseconds
1598451939,103,6.760998,0.189463,0.017948,0.783287,0.058481,0.078552,0.188453,3.622515,5.169247,6.760998,2.025964,1.343092,0.817625,0.677424,calls/second,milliseconds
1598451940,106,6.760998,0.182136,0.014454,0.766983,0.055985,0.077978,0.172755,3.622515,5.169247,6.760998,2.045174,1.343092,0.817625,0.677424,calls/second,milliseconds
1598451941,106,6.760998,0.182136,0.014454,0.766983,0.055985,0.077978,0.172755,3.622515,5.169247,6.760998,2.006667,1.343092,0.817625,0.677424,calls/second,milliseconds
1598451942,109,6.760998,0.175249,0.014454,0.751443,0.054694,0.077044,0.172755,3.622515,5.169247,6.760998,2.025128,1.343092,0.817625,0.677424,calls/second,milliseconds
1598451943,110,6.760998,0.173206,0.014454,0.746363,0.052693,0.076226,0.172755,3.622515,5.169247,6.760998,2.006436,1.343092,0.817625,0.677424,calls/second,milliseconds
1598451944,114,6.760998,0.164985,0.014454,0.726759,0.051441,0.075857,0.172755,1.234117,5.169247,6.760998,2.042244,1.363633,0.830557,0.682535,calls/second,milliseconds
1598451945,124,6.760998,0.147308,0.012446,0.683286,0.046124,0.073486,0.134959,1.234117,5.169247,6.760998,2.182142,1.363633,0.830557,0.682535,calls/second,milliseconds
1598451946,126,6.760998,0.144237,0.012446,0.675334,0.045177,0.073266,0.134959,1.234117,5.169247,6.760998,2.179117,1.363633,0.830557,0.682535,calls/second,milliseconds
1598451947,128,6.760998,0.141322,0.012446,0.667590,0.044911,0.072925,0.134959,1.234117,5.169247,6.760998,2.175975,1.363633,0.830557,0.682535,calls/second,milliseconds
1598451948,128,6.760998,0.141322,0.012446,0.667590,0.044911,0.072925,0.134959,1.234117,5.169247,6.760998,2.139625,1.363633,0.830557,0.682535,calls/second,milliseconds
1598451949,129,6.760998,0.140007,0.012446,0.663618,0.044548,0.072925,0.134959,1.234117,5.169247,6.760998,2.120901,1.542443,0.876331,0.698698,calls/second,milliseconds
1598451950,129,6.760998,0.140007,0.012446,0.663618,0.044548,0.072925,0.134959,1.234117,5.169247,6.760998,2.086601,1.542443,0.876331,0.698698,calls/second,milliseconds
1598451951,129,6.760998,0.140007,0.012446,0.663618,0.044548,0.072925,0.134959,1.234117,5.169247,6.760998,2.053356,1.542443,0.876331,0.698698,calls/second,milliseconds
1598451952,129,6.760998,0.140007,0.012446,0.663618,0.044548,0.072925,0.134959,1.234117,5.169247,6.760998,2.021061,1.542443,0.876331,0.698698,calls/second,milliseconds
1598451953,130,6.760998,0.138575,0.012446,0.659553,0.043367,0.072191,0.134959,1.234117,5.169247,6.760998,2.005396,1.542443,0.876331,0.698698,calls/second,milliseconds
1598451954,132,6.760998,0.135672,0.012446,0.651479,0.041641,0.070291,0.134959,1.234117,5.169247,6.760998,2.005405,1.467089,0.871764,0.698151,calls/second,milliseconds
1598451955,132,6.760998,0.135672,0.012446,0.651479,0.041641,0.070291,0.134959,1.234117,5.169247,6.760998,1.975285,1.467089,0.871764,0.698151,calls/second,milliseconds
1598451956,135,6.760998,0.131390,0.012446,0.639666,0.040287,0.069693,0.119348,0.457917,3.622515,6.760998,1.990399,1.467089,0.871764,0.698151,calls/second,milliseconds
1598451957,137,6.760998,0.128830,0.012446,0.632000,0.039707,0.069307,0.119348,0.457917,3.622515,6.760998,1.990544,1.467089,0.871764,0.698151,calls/second,milliseconds
1598451958,139,6.760998,0.126243,0.012446,0.624394,0.038991,0.065869,0.119348,0.457917,3.622515,6.760998,1.990671,1.467089,0.871764,0.698151,calls/second,milliseconds
1598451959,140,6.760998,0.124941,0.012446,0.620643,0.038951,0.064831,0.119348,0.457917,3.622515,6.760998,1.976772,1.477716,0.883801,0.703148,calls/second,milliseconds
1598451960,140,6.760998,0.124941,0.012446,0.620643,0.038951,0.064831,0.119348,0.457917,3.622515,6.760998,1.949162,1.477716,0.883801,0.703148,calls/second,milliseconds
1598451961,140,6.760998,0.124941,0.012446,0.620643,0.038951,0.064831,0.119348,0.457917,3.622515,6.760998,1.922391,1.477716,0.883801,0.703148,calls/second,milliseconds
1598451962,142,6.760998,0.122274,0.012446,0.613017,0.037420,0.064276,0.119348,0.457917,3.622515,6.760998,1.923457,1.477716,0.883801,0.703148,calls/second,milliseconds
1598451963,143,6.760998,0.121007,0.012446,0.609304,0.036538,0.064007,0.119348,0.457917,3.622515,6.760998,1.911117,1.477716,0.883801,0.703148,calls/second,milliseconds
1598451964,145,6.760998,0.118498,0.012446,0.601918,0.035405,0.063575,0.119348,0.457917,3.622515,6.760998,1.912378,1.439520,0.885721,0.704792,calls/second,milliseconds
1598451965,178,6.760998,0.087686,0.005591,0.508017,0.022107,0.051034,0.104344,0.188453,1.234117,6.760998,2.317033,1.439520,0.885721,0.704792,calls/second,milliseconds
1598451966,198,6.760998,0.077018,0.005591,0.468067,0.021260,0.042037,0.095195,0.172755,1.234117,6.760998,2.544204,1.439520,0.885721,0.704792,calls/second,milliseconds
1598451967,210,6.760998,0.072914,0.005591,0.448066,0.020993,0.040454,0.100044,0.172755,0.457917,6.760998,2.664174,1.439520,0.885721,0.704792,calls/second,milliseconds
1598451968,212,6.760998,0.072137,0.005591,0.444901,0.020787,0.040287,0.095195,0.172755,0.457917,6.760998,2.655859,1.439520,0.885721,0.704792,calls/second,milliseconds
1598451969,222,6.760998,0.068496,0.005591,0.429857,0.020554,0.038951,0.093774,0.134959,0.457917,6.760998,2.746817,2.411818,1.095870,0.776234,calls/second,milliseconds
1598451970,224,6.760998,0.067891,0.005591,0.427011,0.020627,0.038697,0.093774,0.134959,0.457917,6.760998,2.737605,2.411818,1.095870,0.776234,calls/second,milliseconds
1598451971,227,6.760998,0.067029,0.005591,0.422761,0.020787,0.036538,0.092048,0.134959,0.457917,6.760998,2.740768,2.411818,1.095870,0.776234,calls/second,milliseconds
1598451972,246,6.760998,0.061292,0.005257,0.398384,0.020010,0.032861,0.089458,0.119348,0.390250,6.760998,2.934712,2.411818,1.095870,0.776234,calls/second,milliseconds
1598451973,275,6.760998,0.055289,0.005257,0.367411,0.019877,0.029304,0.082168,0.116011,0.188453,6.760998,3.242050,2.411818,1.095870,0.776234,calls/second,milliseconds
1598451974,334,6.760998,0.046341,0.005257,0.321311,0.018273,0.023670,0.075857,0.104344,0.172755,6.760998,3.891800,3.466287,1.335602,0.858359,calls/second,milliseconds
1598451975,361,6.760998,0.042999,0.005257,0.305238,0.017847,0.023040,0.073614,0.103155,0.134959,6.760998,4.157785,3.466287,1.335602,0.858359,calls/second,milliseconds
1598451976,372,6.760998,0.041946,0.005257,0.299227,0.017664,0.022863,0.073486,0.103155,0.134959,6.760998,4.235713,3.466287,1.335602,0.858359,calls/second,milliseconds
1598451977,388,6.760998,0.040381,0.005257,0.290915,0.017475,0.022411,0.072191,0.103155,0.119348,5.169247,4.368145,3.466287,1.335602,0.858359,calls/second,milliseconds
1598451978,400,6.760998,0.039495,0.005257,0.285016,0.017471,0.022334,0.072094,0.100044,0.119348,5.169247,4.453067,3.466287,1.335602,0.858359,calls/second,milliseconds
1598451979,405,6.760998,0.039084,0.005257,0.282645,0.017412,0.022196,0.072094,0.095195,0.119348,5.169247,4.459277,4.964152,1.680460,0.976595,calls/second,milliseconds
1598451980,442,6.760998,0.036336,0.005257,0.266554,0.016797,0.021327,0.064831,0.092048,0.116011,5.169247,4.813492,4.964152,1.680460,0.976595,calls/second,milliseconds
1598451981,516,6.760998,0.032411,0.005257,0.240778,0.016597,0.019950,0.059081,0.083415,0.107315,5.169247,5.558820,4.964152,1.680460,0.976595,calls/second,milliseconds
1598451982,552,6.760998,0.030842,0.004854,0.230656,0.016171,0.019547,0.058481,0.081718,0.104344,5.169247,5.883216,4.964152,1.680460,0.976595,calls/second,milliseconds
1598451983,566,6.760998,0.030236,0.004854,0.226967,0.015997,0.019440,0.055985,0.081718,0.104344,5.169247,5.968869,4.964152,1.680460,0.976595,calls/second,milliseconds
1598451984,588,6.760998,0.029242,0.002590,0.221412,0.015606,0.019200,0.052693,0.079855,0.103155,5.169247,6.136351,7.221766,2.201432,1.155118,calls/second,milliseconds
1598451985,617,6.760998,0.028194,0.002590,0.214626,0.015334,0.018838,0.052497,0.078462,0.103155,5.169247,6.372264,7.221766,2.201432,1.155118,calls/second,milliseconds
1598451986,685,6.760998,0.025909,0.002590,0.200686,0.014577,0.018177,0.046291,0.075271,0.095195,3.622515,7.002343,7.221766,2.201432,1.155118,calls/second,milliseconds
1598451987,691,6.760998,0.025749,0.002590,0.199560,0.014520,0.018047,0.046124,0.075271,0.095195,3.622515,6.992099,7.221766,2.201432,1.155118,calls/second,milliseconds
1598451988,701,6.760998,0.025499,0.002590,0.197707,0.014480,0.018029,0.045211,0.074464,0.095195,3.622515,7.022223,7.221766,2.201432,1.155118,calls/second,milliseconds
1598451989,745,6.760998,0.024484,0.002590,0.190005,0.014276,0.017850,0.040454,0.073486,0.092048,3.622515,7.388880,9.059004,2.664208,1.316031,calls/second,milliseconds
1598451990,815,6.760998,0.023076,0.002590,0.179259,0.013825,0.017475,0.037420,0.072094,0.089458,3.622515,8.003837,9.059004,2.664208,1.316031,calls/second,milliseconds
1598451991,821,6.760998,0.022979,0.002590,0.178401,0.013821,0.017452,0.037003,0.072094,0.086248,3.622515,7.984320,9.059004,2.664208,1.316031,calls/second,milliseconds
1598451992,831,6.760998,0.022788,0.002590,0.176994,0.013777,0.017347,0.037003,0.070291,0.086248,3.622515,8.003580,9.059004,2.664208,1.316031,calls/second,milliseconds
1598451993,874,6.760998,0.022055,0.002590,0.171210,0.013614,0.017173,0.035916,0.070014,0.083527,3.622515,8.337418,9.059004,2.664208,1.316031,calls/second,milliseconds
1598451994,947,6.760998,0.021368,0.002590,0.162460,0.013500,0.017094,0.037003,0.067434,0.081718,1.234117,8.948985,10.925247,3.155697,1.488241,calls/second,milliseconds
1598451995,953,6.760998,0.021295,0.002590,0.161782,0.013478,0.017047,0.037003,0.067434,0.081718,1.234117,8.921093,10.925247,3.155697,1.488241,calls/second,milliseconds
1598451996,964,6.760998,0.021149,0.002590,0.160556,0.013413,0.016907,0.036694,0.067434,0.080071,1.234117,8.940278,10.925247,3.155697,1.488241,calls/second,milliseconds
1598451997,1005,6.760998,0.020620,0.002590,0.156152,0.013206,0.016684,0.035097,0.064007,0.079855,1.234117,9.234782,10.925247,3.155697,1.488241,calls/second,milliseconds
1598451998,1167,5.169247,0.017146,0.002692,0.086079,0.013206,0.016794,0.029835,0.047597,0.064007,0.323559,10.625716,10.925247,3.155697,1.488241,calls/second,milliseconds
1598451999,1172,5.169247,0.017193,0.002692,0.086019,0.013224,0.016867,0.029876,0.047597,0.064007,0.323559,10.575131,14.641163,4.052277,1.798001,calls/second,milliseconds
1598452000,1184,5.169247,0.017280,0.002692,0.085833,0.013253,0.017044,0.030134,0.047894,0.064007,0.323559,10.587891,14.641163,4.052277,1.798001,calls/second,milliseconds
1598452001,1225,5.169247,0.017376,0.002692,0.085200,0.013426,0.017183,0.030134,0.047894,0.063330,0.323559,10.857437,14.641163,4.052277,1.798001,calls/second,milliseconds
1598452002,1282,5.169247,0.017420,0.002692,0.084293,0.013609,0.017424,0.028015,0.047894,0.063330,0.323559,11.262758,14.641163,4.052277,1.798001,calls/second,milliseconds
1598452003,1302,1.234117,0.016117,0.002692,0.024213,0.013620,0.017471,0.027741,0.046027,0.061091,0.323559,11.338677,14.641163,4.052277,1.798001,calls/second,milliseconds
1598452004,1316,1.234117,0.016132,0.002692,0.024120,0.013697,0.017497,0.027741,0.043400,0.061091,0.323559,11.362236,15.677295,4.441486,1.940948,calls/second,milliseconds
1598452005,1354,1.234117,0.016096,0.003173,0.023964,0.013777,0.017364,0.027247,0.043400,0.061091,0.323559,11.589909,15.677295,4.441486,1.940948,calls/second,milliseconds
1598452006,1409,1.234117,0.016109,0.003173,0.023749,0.014044,0.017364,0.026093,0.040454,0.055985,0.323559,11.957736,15.677295,4.441486,1.940948,calls/second,milliseconds
1598452007,1434,1.234117,0.016191,0.003173,0.023687,0.014044,0.017547,0.027690,0.040454,0.055985,0.323559,12.068059,15.677295,4.441486,1.940948,calls/second,milliseconds
1598452008,1445,1.234117,0.016161,0.003173,0.023642,0.014030,0.017527,0.027247,0.040454,0.055985,0.323559,12.059159,15.677295,4.441486,1.940948,calls/second,milliseconds
1598452009,1485,1.234117,0.016087,0.003173,0.023482,0.014004,0.017475,0.026093,0.038931,0.055334,0.323559,12.290412,16.678555,4.834180,2.086427,calls/second,milliseconds
1598452010,1545,1.234117,0.015965,0.003173,0.023299,0.013937,0.017183,0.026093,0.038931,0.055334,0.323559,12.681569,16.678555,4.834180,2.086427,calls/second,milliseconds
1598452011,1564,1.234117,0.015791,0.003173,0.023273,0.013727,0.017153,0.025668,0.038931,0.055334,0.323559,12.733449,16.678555,4.834180,2.086427,calls/second,milliseconds
1598452012,1576,1.234117,0.015675,0.003173,0.023210,0.013613,0.017094,0.025668,0.038931,0.055334,0.323559,12.727528,16.678555,4.834180,2.086427,calls/second,milliseconds
1598452013,1617,1.234117,0.015418,0.003173,0.023108,0.013367,0.016973,0.025668,0.038931,0.055334,0.323559,12.953918,16.678555,4.834180,2.086427,calls/second,milliseconds
1598452014,1692,1.234117,0.014780,0.002400,0.022844,0.012797,0.016580,0.025099,0.037003,0.052684,0.323559,13.447074,18.175439,5.339389,2.270989,calls/second,milliseconds
1598452015,1696,1.234117,0.014758,0.002400,0.022840,0.012770,0.016577,0.025099,0.037003,0.052684,0.323559,13.372607,18.175439,5.339389,2.270989,calls/second,milliseconds
1598452016,1709,1.234117,0.014646,0.002400,0.022800,0.012590,0.016491,0.025055,0.037003,0.052684,0.323559,13.369684,18.175439,5.339389,2.270989,calls/second,milliseconds
1598452017,1749,1.234117,0.014309,0.002037,0.022630,0.012313,0.016283,0.024963,0.036626,0.051180,0.323559,13.576383,18.175439,5.339389,2.270989,calls/second,milliseconds
1598452018,1822,0.390250,0.013702,0.002037,0.014476,0.012035,0.016027,0.024567,0.036368,0.048077,0.323559,14.034412,18.175439,5.339389,2.270989,calls/second,milliseconds
1598452019,1829,0.390250,0.013645,0.002037,0.014473,0.011997,0.015997,0.024567,0.036368,0.048077,0.323559,13.980346,19.904443,5.908973,2.478905,calls/second,milliseconds
1598452020,1839,0.390250,0.013550,0.002037,0.014457,0.011920,0.015907,0.024403,0.036368,0.048077,0.323559,13.950509,19.904443,5.908973,2.478905,calls/second,milliseconds
1598452021,1880,0.390250,0.013020,0.002037,0.013291,0.011553,0.015623,0.022411,0.035405,0.046027,0.323559,14.153712,19.904443,5.908973,2.478905,calls/second,milliseconds
1598452022,1952,0.390250,0.012638,0.001580,0.013166,0.010820,0.015416,0.022150,0.034207,0.039903,0.323559,14.586236,19.904443,5.908973,2.478905,calls/second,milliseconds
1598452023,1959,0.390250,0.012651,0.001580,0.013153,0.010867,0.015416,0.022150,0.034207,0.039903,0.323559,14.529789,19.904443,5.908973,2.478905,calls/second,milliseconds
1598452024,1971,0.390250,0.012602,0.001580,0.013125,0.010724,0.015280,0.022150,0.034207,0.039903,0.323559,14.511167,20.631684,6.290634,2.625836,calls/second,milliseconds
1598452025,2013,0.390250,0.012393,0.001580,0.012998,0.010473,0.015204,0.021778,0.034013,0.039851,0.323559,14.711119,20.631684,6.290634,2.625836,calls/second,milliseconds
1598452026,2185,0.390250,0.011286,0.001480,0.012781,0.009414,0.014128,0.020947,0.032405,0.037997,0.323559,15.853474,20.631684,6.290634,2.625836,calls/second,milliseconds
1598452027,2189,0.390250,0.011279,0.001480,0.012779,0.009406,0.014101,0.020947,0.032405,0.037997,0.323559,15.767999,20.631684,6.290634,2.625836,calls/second,milliseconds
1598452028,2201,0.390250,0.011240,0.001480,0.012762,0.009357,0.013965,0.020947,0.032405,0.037997,0.323559,15.741035,20.631684,6.290634,2.625836,calls/second,milliseconds
1598452029,2243,0.390250,0.011133,0.001480,0.012686,0.009183,0.013886,0.020907,0.032405,0.037997,0.323559,15.927436,22.995836,7.016392,2.889404,calls/second,milliseconds
1598452030,2315,0.390250,0.010524,0.000877,0.008579,0.009014,0.013367,0.020313,0.027694,0.036368,0.072094,16.323218,22.995836,7.016392,2.889404,calls/second,milliseconds
1598452031,2321,0.390250,0.010470,0.000877,0.008521,0.009000,0.013247,0.020184,0.027690,0.036368,0.072094,16.250538,22.995836,7.016392,2.889404,calls/second,milliseconds
1598452032,2331,0.390250,0.010426,0.000877,0.008486,0.008917,0.013243,0.020010,0.027623,0.036237,0.072094,16.207120,22.995836,7.016392,2.889404,calls/second,milliseconds
1598452033,2374,0.390250,0.010245,0.000877,0.008279,0.008680,0.013004,0.019774,0.026577,0.036044,0.072094,16.392206,22.995836,7.016392,2.889404,calls/second,milliseconds
1598452034,2447,0.390250,0.010013,0.000877,0.008152,0.008530,0.012584,0.019616,0.026257,0.034967,0.072094,16.780269,23.795725,7.445863,3.056222,calls/second,milliseconds
1598452035,2453,0.390250,0.009989,0.000877,0.008131,0.008516,0.012564,0.019570,0.025658,0.034967,0.072094,16.706619,23.795725,7.445863,3.056222,calls/second,milliseconds
1598452036,2464,0.390250,0.009938,0.000877,0.008109,0.008474,0.012440,0.019540,0.025658,0.034967,0.072094,16.668301,23.795725,7.445863,3.056222,calls/second,milliseconds
1598452037,2507,0.390250,0.009750,0.000877,0.008003,0.008398,0.012147,0.019177,0.024987,0.034013,0.072094,16.845211,23.795725,7.445863,3.056222,calls/second,milliseconds
1598452038,2577,0.390250,0.009563,0.000877,0.007917,0.008277,0.011807,0.019097,0.024963,0.034013,0.072094,17.200134,23.795725,7.445863,3.056222,calls/second,milliseconds
1598452039,2590,0.390250,0.009515,0.000877,0.007881,0.008217,0.011727,0.018964,0.022411,0.034013,0.072094,17.171987,24.995400,7.964101,3.254248,calls/second,milliseconds
1598452040,2611,0.390250,0.009443,0.000877,0.007834,0.008166,0.011670,0.018964,0.022411,0.034013,0.072094,17.197336,24.995400,7.964101,3.254248,calls/second,milliseconds
1598452041,2640,0.390250,0.009386,0.000877,0.007792,0.008093,0.011627,0.018901,0.022151,0.034013,0.072094,17.274505,24.995400,7.964101,3.254248,calls/second,milliseconds
1598452042,2707,0.390250,0.009092,0.000877,0.007626,0.007888,0.010720,0.018656,0.021623,0.029876,0.072094,17.597942,24.995400,7.964101,3.254248,calls/second,milliseconds
1598452043,2714,0.390250,0.009094,0.000877,0.007622,0.007900,0.010684,0.018656,0.021510,0.029876,0.072094,17.528850,24.995400,7.964101,3.254248,calls/second,milliseconds
1598452044,2726,0.390250,0.009080,0.000877,0.007613,0.007924,0.010684,0.018656,0.021510,0.029876,0.072094,17.493878,25.315590,8.311794,3.396883,calls/second,milliseconds
1598452045,2771,0.390250,0.008943,0.000877,0.007562,0.007840,0.010447,0.018634,0.021510,0.029876,0.072094,17.669222,25.315590,8.311794,3.396883,calls/second,milliseconds
1598452046,2840,0.390250,0.008725,0.000877,0.007468,0.007687,0.010290,0.018390,0.021457,0.029600,0.072094,17.994188,25.315590,8.311794,3.396883,calls/second,milliseconds
1598452047,2853,0.390250,0.008680,0.000877,0.007452,0.007637,0.010194,0.018390,0.021384,0.029600,0.072094,17.962945,25.315590,8.311794,3.396883,calls/second,milliseconds
1598452048,2873,0.390250,0.008635,0.000877,0.007437,0.007634,0.010147,0.018347,0.021384,0.029600,0.072094,17.975702,25.315590,8.311794,3.396883,calls/second,milliseconds
1598452049,2920,0.390250,0.008583,0.000877,0.007380,0.007653,0.009954,0.018260,0.020993,0.029516,0.072094,18.156611,25.706126,8.673574,3.545376,calls/second,milliseconds
1598452050,3070,0.390250,0.008172,0.000877,0.007299,0.007244,0.009544,0.018216,0.021457,0.028318,0.072094,18.971448,25.706126,8.673574,3.545376,calls/second,milliseconds
1598452051,3083,0.390250,0.008143,0.000877,0.007293,0.007220,0.009487,0.018216,0.021457,0.028318,0.072094,18.934359,25.706126,8.673574,3.545376,calls/second,milliseconds
1598452052,3103,0.390250,0.008092,0.000877,0.007267,0.007174,0.009397,0.018170,0.021384,0.028318,0.072094,18.940885,25.706126,8.673574,3.545376,calls/second,milliseconds
1598452053,3153,0.390250,0.007940,0.000877,0.007162,0.007045,0.009270,0.018030,0.020975,0.028318,0.072094,19.129281,25.706126,8.673574,3.545376,calls/second,milliseconds
1598452054,3202,0.390250,0.007800,0.000877,0.007076,0.006857,0.009090,0.017567,0.020905,0.028318,0.072094,19.309895,28.448113,9.521925,3.858144,calls/second,milliseconds
1598452055,3215,0.390250,0.007774,0.000877,0.007063,0.006783,0.009063,0.017567,0.020905,0.028318,0.072094,19.271582,28.448113,9.521925,3.858144,calls/second,milliseconds
1598452056,3244,0.390250,0.007699,0.000877,0.007018,0.006671,0.009014,0.017560,0.020905,0.027690,0.072094,19.329553,28.448113,9.521925,3.858144,calls/second,milliseconds
1598452057,3309,0.390250,0.007639,0.000877,0.006973,0.006557,0.008806,0.017560,0.020975,0.027690,0.072094,19.599917,28.448113,9.521925,3.858144,calls/second,milliseconds
1598452058,3334,0.390250,0.007539,0.000822,0.006923,0.006495,0.008786,0.017151,0.020904,0.026257,0.072094,19.631788,28.448113,9.521925,3.858144,calls/second,milliseconds
1598452059,3347,0.390250,0.007487,0.000822,0.006892,0.006377,0.008750,0.017047,0.020614,0.025407,0.072094,19.593201,28.780080,9.903372,4.017378,calls/second,milliseconds
1598452060,3387,0.390250,0.007399,0.000822,0.006731,0.006244,0.008723,0.016803,0.020518,0.025254,0.051180,19.711886,28.780080,9.903372,4.017378,calls/second,milliseconds
1598452061,3462,0.390250,0.007332,0.000822,0.006678,0.006197,0.008593,0.016674,0.020518,0.025254,0.051180,20.031892,28.780080,9.903372,4.017378,calls/second,milliseconds
1598452062,3468,0.390250,0.007323,0.000822,0.006662,0.006158,0.008560,0.016656,0.020518,0.025254,0.051180,19.950988,28.780080,9.903372,4.017378,calls/second,milliseconds
1598452063,3479,0.108585,0.007281,0.000822,0.005115,0.006200,0.008557,0.016593,0.020414,0.025254,0.051180,19.899822,28.780080,9.903372,4.017378,calls/second,milliseconds
1598452064,3526,0.108585,0.007259,0.000822,0.005056,0.006230,0.008525,0.016354,0.020184,0.025254,0.051180,20.053941,29.053521,10.271903,4.173514,calls/second,milliseconds
1598452065,3594,0.108585,0.007149,0.000822,0.004906,0.006285,0.008430,0.015907,0.020007,0.023077,0.051180,20.325027,29.053521,10.271903,4.173514,calls/second,milliseconds
1598452066,3608,0.108585,0.007137,0.000822,0.004909,0.006244,0.008430,0.015907,0.020007,0.023077,0.051180,20.289460,29.053521,10.271903,4.173514,calls/second,milliseconds
1598452067,3630,0.108585,0.007149,0.000822,0.004894,0.006300,0.008443,0.015810,0.020007,0.023077,0.051180,20.299035,29.053521,10.271903,4.173514,calls/second,milliseconds
1598452068,3703,0.078552,0.007053,0.000822,0.004762,0.006070,0.008377,0.015654,0.020007,0.023763,0.051180,20.592110,29.053521,10.271903,4.173514,calls/second,milliseconds
1598452069,3729,0.078552,0.007036,0.000822,0.004723,0.006040,0.008366,0.015547,0.019982,0.023763,0.051180,20.622000,30.360514,10.852520,4.401915,calls/second,milliseconds
1598452070,3758,0.078552,0.006988,0.000822,0.004690,0.006024,0.008343,0.015297,0.019982,0.023077,0.051180,20.666287,30.360514,10.852520,4.401915,calls/second,milliseconds
1598452071,3854,0.078552,0.006820,0.000822,0.004644,0.005767,0.008187,0.015297,0.019177,0.023077,0.051180,21.080226,30.360514,10.852520,4.401915,calls/second,milliseconds
1598452072,3929,0.078552,0.006777,0.000822,0.004531,0.005701,0.008196,0.014896,0.018964,0.023077,0.051180,21.373524,30.360514,10.852520,4.401915,calls/second,milliseconds
1598452073,3943,0.078552,0.006765,0.000822,0.004511,0.005690,0.008170,0.014827,0.018964,0.022411,0.051180,21.333584,30.360514,10.852520,4.401915,calls/second,milliseconds
1598452074,3965,0.078552,0.006730,0.000822,0.004442,0.005688,0.008169,0.014655,0.018770,0.021623,0.051180,21.337169,31.451067,11.400399,4.621294,calls/second,milliseconds
1598452075,4011,0.078552,0.006684,0.000822,0.004411,0.005663,0.008114,0.014358,0.018647,0.021623,0.051180,21.469369,31.451067,11.400399,4.621294,calls/second,milliseconds
1598452076,4062,0.078552,0.006712,0.000822,0.004369,0.005780,0.008196,0.014154,0.018634,0.021457,0.051180,21.626559,31.451067,11.400399,4.621294,calls/second,milliseconds
1598452077,4075,0.078552,0.006680,0.000822,0.004355,0.005701,0.008157,0.014154,0.018634,0.021384,0.051180,21.580893,31.451067,11.400399,4.621294,calls/second,milliseconds
1598452078,4095,0.078552,0.006675,0.000822,0.004340,0.005701,0.008170,0.014033,0.018634,0.021384,0.051180,21.572428,31.451067,11.400399,4.621294,calls/second,milliseconds
1598452079,4158,0.078552,0.006609,0.000822,0.004317,0.005658,0.008093,0.013910,0.018347,0.021384,0.051180,21.789498,31.430993,11.727658,4.768544,calls/second,milliseconds
1598452080,4194,0.078552,0.006586,0.000822,0.004304,0.005655,0.008060,0.013847,0.018347,0.020993,0.051180,21.863915,31.430993,11.727658,4.768544,calls/second,milliseconds
1598452081,4206,0.078552,0.006560,0.000822,0.004287,0.005604,0.008044,0.013540,0.018347,0.020993,0.037003,21.812490,31.430993,11.727658,4.768544,calls/second,milliseconds
1598452082,4246,0.078552,0.006557,0.000822,0.004251,0.005624,0.008070,0.013377,0.018177,0.020947,0.037003,21.906220,31.430993,11.727658,4.768544,calls/second,milliseconds
1598452083,4322,0.078552,0.006557,0.000822,0.004215,0.005624,0.008157,0.013243,0.018157,0.020947,0.037003,22.183909,31.430993,11.727658,4.768544,calls/second,milliseconds
1598452084,4337,0.078552,0.006540,0.000822,0.004205,0.005607,0.008150,0.013243,0.018030,0.020947,0.037003,22.147204,32.483928,12.270990,4.989217,calls/second,milliseconds
1598452085,4357,0.078552,0.006475,0.000822,0.004141,0.005549,0.008093,0.012944,0.017527,0.020905,0.037003,22.136144,32.483928,12.270990,4.989217,calls/second,milliseconds
1598452086,4404,0.078552,0.006505,0.000822,0.004157,0.005580,0.008107,0.013076,0.018030,0.020904,0.037003,22.261917,32.483928,12.270990,4.989217,calls/second,milliseconds
1598452087,4531,0.078552,0.006313,0.000822,0.004104,0.005350,0.007900,0.012570,0.017527,0.020518,0.037003,22.788814,32.483928,12.270990,4.989217,calls/second,milliseconds
1598452088,4542,0.078552,0.006301,0.000822,0.004094,0.005320,0.007843,0.012570,0.017527,0.020518,0.037003,22.729822,32.483928,12.270990,4.989217,calls/second,milliseconds
1598452089,4584,0.078552,0.006256,0.000822,0.004025,0.005271,0.007809,0.012416,0.017404,0.020441,0.037003,22.825757,33.404702,12.795424,5.205342,calls/second,milliseconds
1598452090,4659,0.078552,0.006189,0.000822,0.003987,0.005233,0.007747,0.012250,0.017366,0.020441,0.037003,23.084614,33.404702,12.795424,5.205342,calls/second,milliseconds
1598452091,4672,0.078552,0.006176,0.000822,0.003949,0.005233,0.007717,0.012013,0.017151,0.020441,0.037003,23.034554,33.404702,12.795424,5.205342,calls/second,milliseconds
1598452092,4692,0.078552,0.006157,0.000822,0.003929,0.005230,0.007717,0.011957,0.017151,0.020441,0.037003,23.019649,33.404702,12.795424,5.205342,calls/second,milliseconds
1598452093,4742,0.078552,0.006155,0.000822,0.003918,0.005250,0.007717,0.011970,0.017404,0.020441,0.037003,23.151492,33.404702,12.795424,5.205342,calls/second,milliseconds
1598452094,4793,0.078552,0.006153,0.000735,0.003908,0.005265,0.007710,0.011970,0.017366,0.020414,0.037003,23.286667,34.347802,13.331025,5.426919,calls/second,milliseconds
1598452095,4805,0.078552,0.006148,0.000735,0.003893,0.005265,0.007717,0.011957,0.017047,0.019982,0.037003,23.232123,34.347802,13.331025,5.426919,calls/second,milliseconds
1598452096,4846,0.078552,0.006128,0.000735,0.003899,0.005250,0.007683,0.011957,0.017366,0.020441,0.037003,23.317600,34.347802,13.331025,5.426919,calls/second,milliseconds
1598452097,4966,0.078552,0.006005,0.000735,0.003861,0.005151,0.007607,0.011654,0.016656,0.020414,0.036223,23.780573,34.347802,13.331025,5.426919,calls/second,milliseconds
1598452098,4979,0.078552,0.005997,0.000735,0.003849,0.005145,0.007607,0.011654,0.016577,0.020414,0.036223,23.729226,34.347802,13.331025,5.426919,calls/second,milliseconds
1598452099,5000,0.078552,0.006041,0.000735,0.003924,0.005150,0.007630,0.011957,0.017047,0.020441,0.036223,23.716334,34.959638,13.804881,5.629539,calls/second,milliseconds
1598452100,5066,0.078552,0.006019,0.000735,0.003869,0.005145,0.007657,0.011654,0.016577,0.020441,0.036223,23.916216,34.959638,13.804881,5.629539,calls/second,milliseconds
1598452101,5100,0.078552,0.006000,0.000735,0.003874,0.005136,0.007657,0.011630,0.016577,0.020441,0.036223,23.963289,34.959638,13.804881,5.629539,calls/second,milliseconds
1598452102,5111,0.078552,0.005995,0.000735,0.003780,0.005140,0.007663,0.011627,0.016171,0.020414,0.036223,23.902549,34.959638,13.804881,5.629539,calls/second,milliseconds
1598452103,5152,0.078552,0.006014,0.000735,0.003757,0.005160,0.007683,0.011627,0.016043,0.020414,0.036223,23.982422,34.959638,13.804881,5.629539,calls/second,milliseconds
1598452104,5228,0.078552,0.006000,0.000735,0.003771,0.005145,0.007717,0.011654,0.015810,0.019982,0.036223,24.223380,35.058812,14.175040,5.798904,calls/second,milliseconds
1598452105,5241,0.078552,0.005980,0.000735,0.003766,0.005140,0.007714,0.011627,0.015810,0.019982,0.036223,24.171450,35.058812,14.175040,5.798904,calls/second,milliseconds
1598452106,5262,0.078552,0.005961,0.000735,0.003715,0.005133,0.007746,0.011314,0.015435,0.019177,0.036223,24.156895,35.058812,14.175040,5.798904,calls/second,milliseconds
1598452107,5403,0.074464,0.005887,0.000735,0.003736,0.005062,0.007651,0.011024,0.015547,0.019774,0.036223,24.691338,35.058812,14.175040,5.798904,calls/second,milliseconds
1598452108,5409,0.074464,0.005887,0.000735,0.003735,0.005036,0.007651,0.010933,0.015547,0.019774,0.036223,24.605861,35.058812,14.175040,5.798904,calls/second,milliseconds
1598452109,5420,0.074464,0.005878,0.000735,0.003733,0.005027,0.007634,0.010933,0.015547,0.019774,0.036223,24.544241,36.333399,14.783703,6.049325,calls/second,milliseconds
1598452110,5466,0.074464,0.005903,0.000735,0.003716,0.005073,0.007663,0.010833,0.015435,0.019774,0.036223,24.641289,36.333399,14.783703,6.049325,calls/second,milliseconds
1598452111,5535,0.074464,0.005882,0.000735,0.003659,0.005073,0.007630,0.010720,0.015407,0.019177,0.036223,24.840022,36.333399,14.783703,6.049325,calls/second,milliseconds
1598452112,5547,0.074464,0.005880,0.000735,0.003648,0.005073,0.007627,0.010684,0.015407,0.019177,0.036223,24.782568,36.333399,14.783703,6.049325,calls/second,milliseconds
1598452113,5588,0.074464,0.005884,0.000735,0.003636,0.005100,0.007647,0.010633,0.015297,0.018964,0.036223,24.854790,36.333399,14.783703,6.049325,calls/second,milliseconds
1598452114,5665,0.074464,0.005860,0.000735,0.003587,0.005070,0.007624,0.010684,0.014827,0.018647,0.036223,25.085686,36.226786,15.117849,6.209716,calls/second,milliseconds
1598452115,5678,0.074464,0.005851,0.000735,0.003579,0.005064,0.007627,0.010654,0.014691,0.018347,0.036223,25.032375,36.226786,15.117849,6.209716,calls/second,milliseconds
1598452116,5734,0.074464,0.005836,0.000735,0.003583,0.005036,0.007624,0.010684,0.014691,0.018177,0.036223,25.168516,36.226786,15.117849,6.209716,calls/second,milliseconds
1598452117,5806,0.074464,0.005832,0.000735,0.003485,0.005064,0.007624,0.010633,0.014020,0.017847,0.036223,25.373120,36.226786,15.117849,6.209716,calls/second,milliseconds
1598452118,5834,0.074464,0.005847,0.000735,0.003481,0.005104,0.007630,0.010667,0.014020,0.017847,0.036223,25.384463,36.226786,15.117849,6.209716,calls/second,milliseconds
1598452119,5847,0.074464,0.005839,0.000735,0.003436,0.005116,0.007624,0.010654,0.013890,0.017814,0.036223,25.330787,37.264067,15.681178,6.447889,calls/second,milliseconds
1598452120,5889,0.074464,0.005813,0.000735,0.003400,0.005104,0.007580,0.010626,0.013420,0.017366,0.036223,25.402594,37.264067,15.681178,6.447889,calls/second,milliseconds
1598452121,5960,0.074464,0.005813,0.000735,0.003394,0.005100,0.007596,0.010667,0.013420,0.016691,0.036223,25.598449,37.264067,15.681178,6.447889,calls/second,milliseconds
1598452122,5973,0.074464,0.005808,0.000735,0.003391,0.005100,0.007580,0.010667,0.013420,0.016691,0.036223,25.544799,37.264067,15.681178,6.447889,calls/second,milliseconds
1598452123,6007,0.074464,0.005806,0.000735,0.003375,0.005064,0.007604,0.010654,0.013420,0.016691,0.036223,25.580634,37.264067,15.681178,6.447889,calls/second,milliseconds
1598452124,6132,0.074464,0.005652,0.000735,0.003299,0.004900,0.007494,0.010477,0.013360,0.016577,0.031184,26.002232,37.162998,16.017018,6.611612,calls/second,milliseconds
1598452125,6143,0.074464,0.005641,0.000735,0.003199,0.004900,0.007510,0.010497,0.013353,0.015983,0.031184,25.938879,37.162998,16.017018,6.611612,calls/second,milliseconds
1598452126,6152,0.074464,0.005628,0.000735,0.003165,0.004900,0.007477,0.010464,0.013307,0.015010,0.031184,25.867655,37.162998,16.017018,6.611612,calls/second,milliseconds
1598452127,6218,0.074464,0.005671,0.000735,0.003201,0.004952,0.007530,0.010497,0.013360,0.015010,0.031184,26.035765,37.162998,16.017018,6.611612,calls/second,milliseconds
1598452128,6266,0.074464,0.005632,0.000735,0.003052,0.004942,0.007483,0.010437,0.013307,0.014600,0.026271,26.127304,37.162998,16.017018,6.611612,calls/second,milliseconds
1598452129,6278,0.074464,0.005656,0.000735,0.003069,0.004957,0.007530,0.010477,0.013360,0.014747,0.026271,26.068638,38.221370,16.585319,6.854206,calls/second,milliseconds
1598452130,6317,0.074464,0.005625,0.000735,0.003053,0.004925,0.007494,0.010327,0.013353,0.014747,0.026271,26.122418,38.221370,16.585319,6.854206,calls/second,milliseconds
1598452131,6422,0.074464,0.005585,0.000735,0.003031,0.004900,0.007483,0.010193,0.013353,0.014747,0.026271,26.446937,38.221370,16.585319,6.854206,calls/second,milliseconds
1598452132,6435,0.074464,0.005600,0.000735,0.003034,0.004913,0.007494,0.010193,0.013353,0.014747,0.026271,26.391793,38.221370,16.585319,6.854206,calls/second,milliseconds
1598452133,6463,0.074464,0.005607,0.000735,0.003021,0.004913,0.007494,0.010327,0.013353,0.014747,0.026271,26.398360,38.221370,16.585319,6.854206,calls/second,milliseconds
1598452134,6554,0.074464,0.005572,0.000735,0.002997,0.004900,0.007450,0.010190,0.012944,0.014747,0.026271,26.661150,38.523493,17.005387,7.048920,calls/second,milliseconds
1598452135,6567,0.074464,0.005580,0.000735,0.002995,0.004900,0.007473,0.010190,0.012944,0.014723,0.026271,26.606114,38.523493,17.005387,7.048920,calls/second,milliseconds
1598452136,6588,0.074464,0.005573,0.000735,0.002979,0.004900,0.007467,0.010060,0.012890,0.014600,0.026271,26.583183,38.523493,17.005387,7.048920,calls/second,milliseconds
1598452137,6669,0.074464,0.005576,0.000735,0.002952,0.004900,0.007417,0.010060,0.012313,0.014020,0.026271,26.801687,38.523493,17.005387,7.048920,calls/second,milliseconds
1598452138,6718,0.074464,0.005575,0.000735,0.003102,0.004884,0.007390,0.010060,0.013076,0.014747,0.028722,26.890757,38.523493,17.005387,7.048920,calls/second,milliseconds
1598452139,6731,0.074464,0.005583,0.000735,0.003094,0.004898,0.007390,0.010060,0.012944,0.014747,0.028722,26.835375,39.313175,17.524294,7.278011,calls/second,milliseconds
1598452140,6771,0.074464,0.005580,0.000735,0.003074,0.004884,0.007377,0.010030,0.012810,0.014747,0.028722,26.887974,39.313175,17.524294,7.278011,calls/second,milliseconds
1598452141,6844,0.074464,0.005567,0.000735,0.003067,0.004873,0.007322,0.010047,0.012416,0.014747,0.028722,27.070023,39.313175,17.524294,7.278011,calls/second,milliseconds
1598452142,6857,0.074464,0.005569,0.000735,0.003052,0.004873,0.007322,0.010024,0.012416,0.014600,0.028722,27.014558,39.313175,17.524294,7.278011,calls/second,milliseconds
1598452143,6896,0.074464,0.005570,0.000735,0.003046,0.004837,0.007322,0.010020,0.012250,0.014600,0.028722,27.061705,39.313175,17.524294,7.278011,calls/second,milliseconds
1598452144,7006,0.074464,0.005485,0.000735,0.003004,0.004781,0.007247,0.009930,0.012003,0.014020,0.028722,27.386029,39.048268,17.829671,7.437135,calls/second,milliseconds
1598452145,7019,0.074464,0.005490,0.000735,0.002996,0.004804,0.007247,0.009930,0.012003,0.014020,0.028722,27.329807,39.048268,17.829671,7.437135,calls/second,milliseconds
1598452146,7040,0.074464,0.005477,0.000735,0.002987,0.004804,0.007239,0.009917,0.012003,0.014020,0.028722,27.305282,39.048268,17.829671,7.437135,calls/second,milliseconds
1598452147,7113,0.074464,0.005471,0.000762,0.002994,0.004754,0.007263,0.009930,0.012201,0.014020,0.028722,27.481952,39.048268,17.829671,7.437135,calls/second,milliseconds
1598452148,7138,0.074464,0.005452,0.000762,0.002984,0.004734,0.007239,0.009917,0.012003,0.014020,0.028722,27.472234,39.048268,17.829671,7.437135,calls/second,milliseconds
1598452149,7151,0.074464,0.005465,0.000762,0.002991,0.004754,0.007317,0.009917,0.012003,0.013890,0.028722,27.416763,39.764009,18.328342,7.661859,calls/second,milliseconds
1598452150,7211,0.074464,0.005411,0.000762,0.003003,0.004680,0.007243,0.009930,0.012003,0.013890,0.028722,27.541202,39.764009,18.328342,7.661859,calls/second,milliseconds
1598452151,7286,0.074464,0.005399,0.000762,0.002968,0.004674,0.007190,0.009917,0.011994,0.013890,0.028722,27.721799,39.764009,18.328342,7.661859,calls/second,milliseconds
1598452152,7299,0.074464,0.005391,0.000762,0.002963,0.004667,0.007173,0.009917,0.011994,0.013890,0.028722,27.665986,39.764009,18.328342,7.661859,calls/second,milliseconds
1598452153,7321,0.074464,0.005410,0.000762,0.002954,0.004680,0.007190,0.009917,0.011994,0.013890,0.028722,27.644592,39.764009,18.328342,7.661859,calls/second,milliseconds
1598452154,7443,0.074464,0.005340,0.000762,0.002951,0.004660,0.007077,0.009913,0.011994,0.013890,0.028722,27.999225,39.766887,18.683237,7.839910,calls/second,milliseconds
1598452155,7451,0.074464,0.005343,0.000762,0.002949,0.004657,0.007077,0.009913,0.011994,0.013890,0.028722,27.924596,39.766887,18.683237,7.839910,calls/second,milliseconds
1598452156,7463,0.074464,0.005340,0.000762,0.002947,0.004633,0.007080,0.009913,0.011970,0.013890,0.028722,27.865135,39.766887,18.683237,7.839910,calls/second,milliseconds
1598452157,7534,0.074464,0.005303,0.000762,0.002915,0.004597,0.007003,0.009697,0.011920,0.013787,0.028722,28.025565,39.766887,18.683237,7.839910,calls/second,milliseconds
1598452158,7592,0.037003,0.005233,0.000762,0.002891,0.004520,0.006916,0.009637,0.011654,0.013787,0.028722,28.136696,39.766887,18.683237,7.839910,calls/second,milliseconds
1598452159,7603,0.037003,0.005225,0.000762,0.002892,0.004520,0.006916,0.009637,0.011654,0.013787,0.028722,28.073864,40.633055,19.210775,8.076807,calls/second,milliseconds
1598452160,7643,0.037003,0.005191,0.000762,0.002873,0.004520,0.006843,0.009600,0.011654,0.013787,0.028722,28.117276,40.633055,19.210775,8.076807,calls/second,milliseconds
1598452161,7718,0.028722,0.005192,0.000762,0.002815,0.004583,0.006827,0.009580,0.011027,0.013787,0.028722,28.289133,40.633055,19.210775,8.076807,calls/second,milliseconds
1598452162,7731,0.028722,0.005212,0.000762,0.002814,0.004597,0.006847,0.009587,0.011027,0.013787,0.028722,28.233288,40.633055,19.210775,8.076807,calls/second,milliseconds
1598452163,7752,0.028722,0.005252,0.000762,0.002830,0.004674,0.006880,0.009600,0.011957,0.013787,0.028722,28.206871,40.633055,19.210775,8.076807,calls/second,milliseconds
1598452164,7880,0.028722,0.005170,0.000762,0.002814,0.004517,0.006813,0.009600,0.011026,0.013667,0.028722,28.568774,40.262616,19.488277,8.231506,calls/second,milliseconds
1598452165,7888,0.028722,0.005166,0.000762,0.002809,0.004517,0.006810,0.009600,0.011026,0.013667,0.028722,28.494582,40.262616,19.488277,8.231506,calls/second,milliseconds
1598452166,7908,0.028722,0.005167,0.000762,0.002806,0.004517,0.006804,0.009636,0.011026,0.013667,0.028722,28.464097,40.262616,19.488277,8.231506,calls/second,milliseconds
1598452167,7976,0.028722,0.005195,0.000762,0.002815,0.004534,0.006850,0.009643,0.011027,0.013554,0.028722,28.605638,40.262616,19.488277,8.231506,calls/second,milliseconds
1598452168,8027,0.028722,0.005195,0.000608,0.002840,0.004510,0.006904,0.009660,0.011200,0.013554,0.028722,28.685730,40.262616,19.488277,8.231506,calls/second,milliseconds
1598452169,8040,0.028722,0.005185,0.000608,0.002837,0.004507,0.006880,0.009660,0.011200,0.013554,0.028722,28.629833,41.185094,20.022342,8.472882,calls/second,milliseconds
1598452170,8080,0.028722,0.005206,0.000608,0.002850,0.004500,0.006934,0.009697,0.011344,0.013554,0.028722,28.670200,41.185094,20.022342,8.472882,calls/second,milliseconds
1598452171,8155,0.028722,0.005208,0.000608,0.002832,0.004517,0.006943,0.009660,0.011344,0.013554,0.028722,28.834519,41.185094,20.022342,8.472882,calls/second,milliseconds
1598452172,8161,0.028722,0.005211,0.000608,0.002825,0.004533,0.006934,0.009660,0.011344,0.013554,0.028722,28.753586,41.185094,20.022342,8.472882,calls/second,milliseconds
1598452173,8172,0.028722,0.005214,0.000608,0.002823,0.004533,0.006938,0.009660,0.011344,0.013554,0.028722,28.691238,41.185094,20.022342,8.472882,calls/second,milliseconds
1598452174,8237,0.028722,0.005254,0.000608,0.002830,0.004574,0.006994,0.009750,0.011994,0.013554,0.028722,28.818019,40.434704,20.217010,8.602118,calls/second,milliseconds
1598452175,8319,0.028722,0.005181,0.000608,0.002832,0.004484,0.006880,0.009697,0.011994,0.013554,0.028722,29.003706,40.434704,20.217010,8.602118,calls/second,milliseconds
1598452176,8332,0.028722,0.005182,0.000608,0.002826,0.004485,0.006860,0.009697,0.011994,0.013554,0.028722,28.948081,40.434704,20.217010,8.602118,calls/second,milliseconds
1598452177,8372,0.028722,0.005177,0.000608,0.002807,0.004507,0.006847,0.009697,0.011970,0.013554,0.028722,28.986348,40.434704,20.217010,8.602118,calls/second,milliseconds
1598452178,8462,0.028722,0.005139,0.000608,0.002787,0.004453,0.006800,0.009643,0.011957,0.013353,0.028722,29.196910,40.434704,20.217010,8.602118,calls/second,milliseconds
1598452179,8476,0.028722,0.005157,0.000608,0.002798,0.004476,0.006837,0.009750,0.011957,0.013353,0.028722,29.144572,41.551307,20.782005,8.855845,calls/second,milliseconds
1598452180,8496,0.028722,0.005142,0.000608,0.002786,0.004443,0.006810,0.009750,0.011957,0.013353,0.026271,29.113510,41.551307,20.782005,8.855845,calls/second,milliseconds
1598452181,8607,0.028722,0.005147,0.000608,0.002948,0.004420,0.006777,0.009980,0.012227,0.013667,0.026520,29.393362,41.551307,20.782005,8.855845,calls/second,milliseconds
1598452182,8613,0.028722,0.005146,0.000608,0.002935,0.004420,0.006774,0.010020,0.011994,0.013667,0.026520,29.313447,41.551307,20.782005,8.855845,calls/second,milliseconds
1598452183,8624,0.028722,0.005147,0.000608,0.002931,0.004423,0.006774,0.009980,0.011994,0.013667,0.026520,29.251199,41.551307,20.782005,8.855845,calls/second,milliseconds
1598452184,8673,0.028722,0.005178,0.000608,0.002965,0.004437,0.006777,0.010190,0.012201,0.014020,0.026520,29.317899,41.107449,21.033536,9.006228,calls/second,milliseconds
1598452185,8756,0.028722,0.005150,0.000608,0.002982,0.004393,0.006777,0.010257,0.011957,0.014020,0.026520,29.498662,41.107449,21.033536,9.006228,calls/second,milliseconds
1598452186,8769,0.028722,0.005158,0.000608,0.003012,0.004390,0.006777,0.010333,0.012227,0.014167,0.026520,29.443375,41.107449,21.033536,9.006228,calls/second,milliseconds
1598452187,8804,0.028722,0.005136,0.000608,0.002993,0.004360,0.006720,0.010230,0.012003,0.014167,0.026520,29.461939,41.107449,21.033536,9.006228,calls/second,milliseconds
1598452188,8899,0.028722,0.005178,0.000608,0.003089,0.004384,0.006774,0.010437,0.012227,0.014426,0.026520,29.680543,41.107449,21.033536,9.006228,calls/second,milliseconds
1598452189,8913,0.028722,0.005172,0.000608,0.003083,0.004360,0.006750,0.010437,0.012227,0.014426,0.026520,29.628405,41.930396,21.535450,9.241096,calls/second,milliseconds
1598452190,8933,0.028722,0.005208,0.000608,0.003085,0.004390,0.006780,0.010384,0.012227,0.014426,0.026520,29.596479,41.930396,21.535450,9.241096,calls/second,milliseconds
1598452191,9014,0.028722,0.005208,0.000608,0.003047,0.004397,0.006780,0.010333,0.012110,0.014426,0.026520,29.766264,41.930396,21.535450,9.241096,calls/second,milliseconds
1598452192,9048,0.028722,0.005183,0.000608,0.003064,0.004393,0.006777,0.010384,0.012263,0.014426,0.026520,29.780224,41.930396,21.535450,9.241096,calls/second,milliseconds
1598452193,9061,0.028722,0.005150,0.000608,0.003049,0.004354,0.006663,0.010333,0.012227,0.014426,0.026520,29.725163,41.930396,21.535450,9.241096,calls/second,milliseconds
1598452194,9105,0.028722,0.005153,0.000608,0.002961,0.004390,0.006774,0.010384,0.012003,0.014020,0.026520,29.771833,41.200370,21.721637,9.371615,calls/second,milliseconds
1598452195,9191,0.028722,0.005154,0.000608,0.003003,0.004350,0.006663,0.010453,0.012560,0.014167,0.026520,29.955047,41.200370,21.721637,9.371615,calls/second,milliseconds
1598452196,9205,0.028722,0.005181,0.000608,0.002997,0.004390,0.006777,0.010453,0.012560,0.014167,0.026520,29.903261,41.200370,21.721637,9.371615,calls/second,milliseconds
1598452197,9239,0.029377,0.005269,0.000608,0.003131,0.004420,0.006880,0.010497,0.012632,0.014426,0.029377,29.916296,41.200370,21.721637,9.371615,calls/second,milliseconds
1598452198,9336,0.029377,0.005281,0.000607,0.003133,0.004433,0.007003,0.010453,0.012560,0.014426,0.029377,30.133046,41.200370,21.721637,9.371615,calls/second,milliseconds
1598452199,9350,0.029377,0.005289,0.000607,0.003135,0.004443,0.007014,0.010453,0.012560,0.014426,0.029377,30.081138,42.271745,22.265068,9.622188,calls/second,milliseconds
1598452200,9370,0.029377,0.005292,0.000607,0.003136,0.004433,0.007014,0.010497,0.012560,0.014426,0.029377,30.049078,42.271745,22.265068,9.622188,calls/second,milliseconds
1598452201,9445,0.029377,0.005330,0.000607,0.003124,0.004443,0.007087,0.010497,0.012560,0.014426,0.029377,30.192486,42.271745,22.265068,9.622188,calls/second,milliseconds
1598452202,9485,0.029377,0.005301,0.000607,0.003143,0.004405,0.007070,0.010627,0.012560,0.014167,0.029377,30.223789,42.271745,22.265068,9.622188,calls/second,milliseconds
1598452203,9497,0.029377,0.005316,0.000607,0.003163,0.004420,0.007087,0.010660,0.012632,0.014167,0.029377,30.165883,42.271745,22.265068,9.622188,calls/second,milliseconds
1598452204,9538,0.029377,0.005361,0.000607,0.003205,0.004404,0.007196,0.010780,0.012860,0.014167,0.029377,30.200163,41.498435,22.435890,9.749488,calls/second,milliseconds
1598452205,9628,0.029377,0.005348,0.000608,0.003155,0.004420,0.007193,0.010720,0.012560,0.014167,0.029377,30.389112,41.498435,22.435890,9.749488,calls/second,milliseconds
1598452206,9642,0.029377,0.005346,0.000608,0.003168,0.004403,0.007193,0.010780,0.012632,0.014167,0.029377,30.337317,41.498435,22.435890,9.749488,calls/second,milliseconds
1598452207,9665,0.026520,0.005300,0.000608,0.003015,0.004394,0.007187,0.010720,0.012560,0.013864,0.026520,30.314305,41.498435,22.435890,9.749488,calls/second,milliseconds
1598452208,9773,0.026520,0.005251,0.000608,0.003001,0.004390,0.007143,0.010627,0.012546,0.013864,0.026520,30.557265,41.498435,22.435890,9.749488,calls/second,milliseconds
1598452209,9783,0.026520,0.005274,0.000608,0.003013,0.004390,0.007193,0.010660,0.012546,0.013864,0.026520,30.493259,42.561969,22.970821,9.999075,calls/second,milliseconds
1598452210,9807,0.026520,0.005292,0.000608,0.003006,0.004397,0.007239,0.010660,0.012546,0.013864,0.026520,30.473100,42.561969,22.970821,9.999075,calls/second,milliseconds
1598452211,9862,0.026520,0.005337,0.000608,0.003002,0.004453,0.007306,0.010660,0.012546,0.013864,0.026520,30.548903,42.561969,22.970821,9.999075,calls/second,milliseconds
1598452212,9920,0.028603,0.005346,0.000608,0.003217,0.004420,0.007227,0.010720,0.012632,0.014426,0.028603,30.633717,42.561969,22.970821,9.999075,calls/second,milliseconds
1598452213,9933,0.028603,0.005363,0.000608,0.003214,0.004427,0.007247,0.010720,0.012632,0.014426,0.028603,30.579425,42.561969,22.970821,9.999075,calls/second,milliseconds
1598452214,9975,0.028603,0.005341,0.000608,0.003194,0.004403,0.007306,0.010720,0.012560,0.014167,0.028603,30.614617,41.765454,23.129978,10.124287,calls/second,milliseconds
1598452215,10065,0.028603,0.005367,0.000608,0.003193,0.004456,0.007247,0.010775,0.012546,0.014167,0.028603,30.796475,41.765454,23.129978,10.124287,calls/second,milliseconds
1598452216,10079,0.028603,0.005370,0.000608,0.003192,0.004463,0.007247,0.010775,0.012546,0.014167,0.028603,30.744958,41.765454,23.129978,10.124287,calls/second,milliseconds
1598452217,10099,0.028603,0.005386,0.000608,0.003199,0.004463,0.007363,0.010780,0.013090,0.014426,0.028603,30.712264,41.765454,23.129978,10.124287,calls/second,milliseconds
1598452218,10210,0.028603,0.005338,0.000608,0.003183,0.004420,0.007196,0.010760,0.013090,0.014020,0.028603,30.955957,41.765454,23.129978,10.124287,calls/second,milliseconds
1598452219,10217,0.028603,0.005345,0.000608,0.003166,0.004443,0.007227,0.010720,0.012560,0.014020,0.028603,30.883291,42.807639,23.653437,10.371798,calls/second,milliseconds
1598452220,10228,0.028603,0.005374,0.000608,0.003193,0.004453,0.007341,0.010760,0.013090,0.014747,0.028603,30.823670,42.807639,23.653437,10.371798,calls/second,milliseconds
1598452221,10277,0.028603,0.005399,0.000608,0.003215,0.004403,0.007434,0.010780,0.013323,0.014747,0.028603,30.878110,42.807639,23.653437,10.371798,calls/second,milliseconds
1598452222,10357,0.028603,0.005401,0.000484,0.003257,0.004443,0.007341,0.010950,0.013340,0.014747,0.028603,31.025109,42.807639,23.653437,10.371798,calls/second,milliseconds
1598452223,10370,0.028603,0.005396,0.000484,0.003254,0.004404,0.007341,0.010950,0.013340,0.014747,0.028603,30.971281,42.807639,23.653437,10.371798,calls/second,milliseconds
1598452224,10412,0.028603,0.005429,0.000484,0.003251,0.004463,0.007407,0.011027,0.013323,0.014747,0.028603,31.004169,41.975490,23.798005,10.493837,calls/second,milliseconds
1598452225,10502,0.028603,0.005391,0.000484,0.003177,0.004483,0.007434,0.010780,0.013090,0.014167,0.028603,31.179602,41.975490,23.798005,10.493837,calls/second,milliseconds
1598452226,10516,0.028603,0.005414,0.000484,0.003172,0.004517,0.007516,0.010780,0.013090,0.014167,0.028603,31.128531,41.975490,23.798005,10.493837,calls/second,milliseconds
1598452227,10536,0.028603,0.005435,0.000484,0.003152,0.004570,0.007517,0.010780,0.013090,0.014167,0.028603,31.095552,41.975490,23.798005,10.493837,calls/second,milliseconds
1598452228,10647,0.028603,0.005411,0.000484,0.003116,0.004537,0.007516,0.010780,0.012632,0.014167,0.028603,31.331074,41.975490,23.798005,10.493837,calls/second,milliseconds
1598452229,10654,0.028603,0.005419,0.000484,0.003122,0.004520,0.007517,0.010780,0.012632,0.014167,0.028603,31.259314,43.016873,24.313729,10.740408,calls/second,milliseconds
1598452230,10664,0.028603,0.005403,0.000484,0.003125,0.004510,0.007517,0.010780,0.012632,0.014167,0.028603,31.197508,43.016873,24.313729,10.740408,calls/second,milliseconds
1598452231,10710,0.028603,0.005385,0.000484,0.003130,0.004453,0.007517,0.010797,0.012560,0.014020,0.028603,31.240332,43.016873,24.313729,10.740408,calls/second,milliseconds
1598452232,10794,0.028603,0.005337,0.000484,0.003156,0.004404,0.007456,0.010876,0.012890,0.014747,0.028603,31.393859,43.016873,24.313729,10.740408,calls/second,milliseconds
1598452233,10807,0.028603,0.005344,0.000484,0.003158,0.004420,0.007516,0.010876,0.012890,0.014747,0.028603,31.340432,43.016873,24.313729,10.740408,calls/second,milliseconds
1598452234,10847,0.028603,0.005366,0.000484,0.003162,0.004460,0.007456,0.010880,0.012890,0.014747,0.028603,31.365467,42.152003,24.444077,10.859298,calls/second,milliseconds
1598452235,10939,0.028603,0.005351,0.000484,0.003124,0.004463,0.007434,0.010950,0.012890,0.014167,0.028603,31.537592,42.152003,24.444077,10.859298,calls/second,milliseconds
1598452236,10953,0.028603,0.005339,0.000484,0.003112,0.004460,0.007407,0.010880,0.012890,0.014167,0.028603,31.489841,42.152003,24.444077,10.859298,calls/second,milliseconds
1598452237,10973,0.028603,0.005366,0.000484,0.003123,0.004460,0.007434,0.011027,0.012890,0.014167,0.028603,31.456916,42.152003,24.444077,10.859298,calls/second,milliseconds
1598452238,11069,0.028603,0.005379,0.000484,0.003142,0.004463,0.007516,0.011080,0.012632,0.014020,0.028603,31.641352,42.152003,24.444077,10.859298,calls/second,milliseconds
1598452239,11089,0.028603,0.005377,0.000484,0.003157,0.004460,0.007467,0.011210,0.013060,0.013997,0.028603,31.608247,43.195263,24.952428,11.104952,calls/second,milliseconds
1598452240,11101,0.028603,0.005363,0.000484,0.003140,0.004453,0.007487,0.011070,0.012890,0.013997,0.028603,31.551589,43.195263,24.952428,11.104952,calls/second,milliseconds
1598452241,11147,0.028603,0.005394,0.000484,0.003108,0.004490,0.007567,0.011027,0.012590,0.013353,0.028603,31.593503,43.195263,24.952428,11.104952,calls/second,milliseconds
1598452242,11229,0.028603,0.005376,0.000484,0.003130,0.004460,0.007520,0.011064,0.012632,0.013353,0.028603,31.735913,43.195263,24.952428,11.104952,calls/second,milliseconds
1598452243,11243,0.028603,0.005369,0.000484,0.003133,0.004453,0.007534,0.011064,0.012632,0.013353,0.028603,31.685919,43.195263,24.952428,11.104952,calls/second,milliseconds
1598452244,11279,0.028603,0.005385,0.000484,0.003141,0.004453,0.007577,0.011080,0.012590,0.013353,0.028603,31.698002,42.316131,25.072220,11.221822,calls/second,milliseconds
1598452245,11376,0.028603,0.005403,0.000484,0.003129,0.004463,0.007597,0.011080,0.012590,0.013353,0.028603,31.881020,42.316131,25.072220,11.221822,calls/second,milliseconds
1598452246,11390,0.028603,0.005399,0.000484,0.003121,0.004476,0.007577,0.011080,0.012590,0.013353,0.028603,31.831207,42.316131,25.072220,11.221822,calls/second,milliseconds
1598452247,11410,0.028603,0.005401,0.000484,0.003118,0.004476,0.007597,0.011080,0.012590,0.013353,0.028603,31.798115,42.316131,25.072220,11.221822,calls/second,milliseconds
1598452248,11491,0.028603,0.005426,0.000484,0.003138,0.004477,0.007653,0.011210,0.012890,0.014167,0.028603,31.934836,42.316131,25.072220,11.221822,calls/second,milliseconds
1598452249,11526,0.028603,0.005431,0.000484,0.003146,0.004517,0.007640,0.011270,0.012890,0.014167,0.028603,31.943486,43.346268,25.570188,11.465467,calls/second,milliseconds
1598452250,11537,0.028603,0.005429,0.000484,0.003138,0.004530,0.007607,0.011270,0.012890,0.014167,0.028603,31.885460,43.346268,25.570188,11.465467,calls/second,milliseconds
1598452251,11576,0.028603,0.005471,0.000484,0.003138,0.004517,0.007653,0.011307,0.012590,0.013353,0.028603,31.905064,43.346268,25.570188,11.465467,calls/second,milliseconds
1598452252,11666,0.028603,0.005451,0.000484,0.003154,0.004507,0.007657,0.011277,0.012590,0.013353,0.028603,32.064757,43.346268,25.570188,11.465467,calls/second,milliseconds
1598452253,11680,0.028603,0.005466,0.000484,0.003150,0.004507,0.007707,0.011277,0.012590,0.013353,0.028603,32.015246,43.346268,25.570188,11.465467,calls/second,milliseconds
1598452254,11705,0.028603,0.005475,0.000484,0.003155,0.004507,0.007736,0.011277,0.012590,0.013353,0.028603,31.996148,42.439070,25.676464,11.579232,calls/second,milliseconds
1598452255,11813,0.035711,0.005573,0.000484,0.003418,0.004563,0.007870,0.011284,0.013060,0.014194,0.035711,32.201861,42.439070,25.676464,11.579232,calls/second,milliseconds
1598452256,11820,0.035711,0.005567,0.000484,0.003421,0.004517,0.007870,0.011284,0.013060,0.014194,0.035711,32.134738,42.439070,25.676464,11.579232,calls/second,milliseconds
1598452257,11830,0.035711,0.005582,0.000484,0.003432,0.004530,0.007877,0.011307,0.013060,0.014194,0.035711,32.074647,42.439070,25.676464,11.579232,calls/second,milliseconds
1598452258,11877,0.035711,0.005635,0.000484,0.003483,0.004643,0.007934,0.011761,0.013340,0.014347,0.035711,32.115081,42.439070,25.676464,11.579232,calls/second,milliseconds
1598452259,11961,0.035711,0.005564,0.000484,0.003486,0.004477,0.007965,0.011800,0.013143,0.014347,0.035711,32.254992,42.899689,26.048745,11.782116,calls/second,milliseconds
1598452260,11972,0.035711,0.005563,0.000484,0.003480,0.004483,0.007965,0.011800,0.013143,0.014347,0.035711,32.197844,42.899689,26.048745,11.782116,calls/second,milliseconds
1598452261,12013,0.035711,0.005582,0.000484,0.003478,0.004484,0.008150,0.011761,0.013143,0.014347,0.035711,32.221433,42.899689,26.048745,11.782116,calls/second,milliseconds
1598452262,12103,0.035711,0.005603,0.000484,0.003550,0.004477,0.007994,0.011857,0.013604,0.015000,0.035711,32.376019,42.899689,26.048745,11.782116,calls/second,milliseconds
1598452263,12117,0.035711,0.005606,0.000484,0.003542,0.004477,0.007997,0.011847,0.013353,0.015000,0.035711,32.326986,42.899689,26.048745,11.782116,calls/second,milliseconds
1598452264,12139,0.035711,0.005629,0.000484,0.003540,0.004507,0.007997,0.011857,0.013530,0.015000,0.035711,32.299495,42.603878,26.266116,11.934016,calls/second,milliseconds
1598452265,12235,0.035711,0.005637,0.000484,0.003495,0.004510,0.007997,0.011846,0.013353,0.014997,0.035711,32.468614,42.603878,26.266116,11.934016,calls/second,milliseconds
1598452266,12255,0.035711,0.005625,0.000484,0.003486,0.004510,0.007965,0.011846,0.013353,0.014997,0.035711,32.435570,42.603878,26.266116,11.934016,calls/second,milliseconds
1598452267,12267,0.035711,0.005624,0.000484,0.003479,0.004517,0.007965,0.011846,0.013353,0.014997,0.035711,32.381632,42.603878,26.266116,11.934016,calls/second,milliseconds
1598452268,12312,0.035711,0.005602,0.000484,0.003459,0.004500,0.007917,0.011847,0.013353,0.014997,0.035711,32.414845,42.603878,26.266116,11.934016,calls/second,milliseconds
1598452269,12398,0.035711,0.005501,0.000484,0.003385,0.004456,0.007577,0.011440,0.013143,0.014306,0.035711,32.555521,42.875417,26.592288,12.122746,calls/second,milliseconds
1598452270,12409,0.035711,0.005514,0.000484,0.003392,0.004456,0.007640,0.011440,0.013143,0.014306,0.035711,32.499073,42.875417,26.592288,12.122746,calls/second,milliseconds
1598452271,12450,0.035711,0.005561,0.000484,0.003388,0.004477,0.007837,0.011761,0.013060,0.014306,0.035711,32.521408,42.875417,26.592288,12.122746,calls/second,milliseconds
1598452272,12525,0.035711,0.005576,0.000484,0.003379,0.004500,0.007837,0.011371,0.013060,0.014306,0.035711,32.631983,42.875417,26.592288,12.122746,calls/second,milliseconds
1598452273,12539,0.035711,0.005574,0.000484,0.003375,0.004507,0.007837,0.011371,0.013060,0.014306,0.035711,32.583510,42.875417,26.592288,12.122746,calls/second,milliseconds
1598452274,12561,0.035711,0.005573,0.000484,0.003354,0.004517,0.007790,0.011284,0.013060,0.014306,0.035711,32.556083,42.517582,26.787453,12.268326,calls/second,milliseconds
1598452275,12610,0.035711,0.005570,0.000484,0.003365,0.004483,0.007853,0.011284,0.013014,0.014306,0.035711,32.598581,42.517582,26.787453,12.268326,calls/second,milliseconds
1598452276,12678,0.035711,0.005592,0.000484,0.003340,0.004500,0.007874,0.011210,0.013014,0.014306,0.035711,32.689880,42.517582,26.787453,12.268326,calls/second,milliseconds
1598452277,12691,0.035711,0.005595,0.000484,0.003331,0.004530,0.007874,0.011200,0.013014,0.014194,0.035711,32.639244,42.517582,26.787453,12.268326,calls/second,milliseconds
1598452278,12727,0.035711,0.005630,0.000484,0.003315,0.004597,0.007965,0.011080,0.012794,0.014194,0.035711,32.647886,42.517582,26.787453,12.268326,calls/second,milliseconds
1598452279,12833,0.035711,0.005559,0.000484,0.003326,0.004517,0.007837,0.011277,0.013143,0.014194,0.035711,32.835572,42.188359,26.979391,12.413100,calls/second,milliseconds
1598452280,12846,0.035711,0.005567,0.000484,0.003341,0.004530,0.007853,0.011284,0.013343,0.014194,0.035711,32.784939,42.188359,26.979391,12.413100,calls/second,milliseconds
1598452281,12866,0.035711,0.005569,0.000484,0.003335,0.004507,0.007837,0.011284,0.013343,0.014194,0.035711,32.752410,42.188359,26.979391,12.413100,calls/second,milliseconds
1598452282,12962,0.035711,0.005550,0.000484,0.003284,0.004550,0.007816,0.011210,0.013014,0.014194,0.035711,32.912464,42.188359,26.979391,12.413100,calls/second,milliseconds
1598452283,12982,0.035711,0.005518,0.000484,0.003270,0.004550,0.007774,0.011210,0.013014,0.014194,0.035711,32.880290,42.188359,26.979391,12.413100,calls/second,milliseconds
1598452284,12996,0.035711,0.005515,0.000484,0.003258,0.004550,0.007774,0.011037,0.013014,0.014194,0.035711,32.832590,42.860916,27.369806,12.624661,calls/second,milliseconds
1598452285,13039,0.035711,0.005522,0.000484,0.003249,0.004530,0.007754,0.011080,0.013014,0.014020,0.035711,32.858210,42.860916,27.369806,12.624661,calls/second,milliseconds
1598452286,13125,0.035711,0.005465,0.000484,0.003222,0.004477,0.007640,0.011026,0.012794,0.013810,0.035711,32.991802,42.860916,27.369806,12.624661,calls/second,milliseconds
1598452287,13138,0.035711,0.005447,0.000484,0.003225,0.004460,0.007557,0.011037,0.012794,0.013810,0.035711,32.941690,42.860916,27.369806,12.624661,calls/second,milliseconds
1598452288,13168,0.035711,0.005516,0.000484,0.003437,0.004500,0.007534,0.011284,0.013343,0.014997,0.035711,32.934301,42.860916,27.369806,12.624661,calls/second,milliseconds
1598452289,13270,0.035711,0.005499,0.000484,0.003415,0.004467,0.007550,0.011253,0.013143,0.014997,0.035711,33.106795,42.536224,27.558730,12.769676,calls/second,milliseconds
1598452290,13283,0.035711,0.005492,0.000484,0.003410,0.004463,0.007550,0.011253,0.013143,0.014997,0.035711,33.056558,42.536224,27.558730,12.769676,calls/second,milliseconds
1598452291,13303,0.035711,0.005483,0.000484,0.003420,0.004460,0.007534,0.011277,0.013353,0.014997,0.035711,33.024178,42.536224,27.558730,12.769676,calls/second,milliseconds
1598452292,13376,0.035711,0.005456,0.000484,0.003402,0.004430,0.007430,0.011284,0.013343,0.014747,0.035711,33.123140,42.536224,27.558730,12.769676,calls/second,milliseconds
1598452293,13419,0.035711,0.005468,0.000484,0.003407,0.004430,0.007550,0.011347,0.013343,0.014747,0.035711,33.147661,42.536224,27.558730,12.769676,calls/second,milliseconds
1598452294,13432,0.035711,0.005469,0.000484,0.003403,0.004430,0.007537,0.011347,0.013343,0.014747,0.035711,33.098020,43.021056,27.906512,12.968182,calls/second,milliseconds
1598452295,13471,0.035711,0.005493,0.000484,0.003394,0.004434,0.007554,0.011520,0.013343,0.014747,0.035711,33.112420,43.021056,27.906512,12.968182,calls/second,milliseconds
1598452296,13562,0.035711,0.005544,0.000484,0.003544,0.004456,0.007554,0.011520,0.013390,0.014997,0.035711,33.254385,43.021056,27.906512,12.968182,calls/second,milliseconds
1598452297,13575,0.035711,0.005545,0.000484,0.003539,0.004460,0.007550,0.011520,0.013390,0.014997,0.035711,33.204846,43.021056,27.906512,12.968182,calls/second,milliseconds
1598452298,13598,0.035711,0.005548,0.000484,0.003535,0.004500,0.007550,0.011520,0.013390,0.014844,0.035711,33.179907,43.021056,27.906512,12.968182,calls/second,milliseconds
1598452299,13692,0.035711,0.005560,0.000484,0.003554,0.004460,0.007550,0.011625,0.013390,0.015000,0.035711,33.328047,42.635586,28.076648,13.107970,calls/second,milliseconds
1598452300,13715,0.035711,0.005505,0.000484,0.003568,0.004404,0.007430,0.011654,0.013390,0.015000,0.031018,33.302892,42.635586,28.076648,13.107970,calls/second,milliseconds
1598452301,13724,0.035711,0.005512,0.000484,0.003564,0.004404,0.007537,0.011654,0.013390,0.015000,0.031018,33.244004,42.635586,28.076648,13.107970,calls/second,milliseconds
1598452302,13797,0.035711,0.005583,0.000484,0.003575,0.004456,0.007653,0.011761,0.013390,0.015000,0.031018,33.340057,42.635586,28.076648,13.107970,calls/second,milliseconds
1598452303,13854,0.035711,0.005553,0.000484,0.003568,0.004443,0.007657,0.011654,0.013390,0.015000,0.031018,33.397146,42.635586,28.076648,13.107970,calls/second,milliseconds
1598452304,13868,0.035711,0.005591,0.000484,0.003570,0.004500,0.007740,0.011654,0.013390,0.015000,0.031018,33.350500,43.128465,28.419175,13.305709,calls/second,milliseconds
1598452305,13908,0.035711,0.005616,0.000484,0.003545,0.004547,0.007677,0.011625,0.013384,0.015000,0.031018,33.366427,43.128465,28.419175,13.305709,calls/second,milliseconds
1598452306,13999,0.035711,0.005600,0.000484,0.003516,0.004547,0.007677,0.011597,0.013384,0.014306,0.031018,33.504712,43.128465,28.419175,13.305709,calls/second,milliseconds
1598452307,14012,0.035711,0.005568,0.000484,0.003501,0.004500,0.007577,0.011597,0.013384,0.014306,0.031018,33.455351,43.128465,28.419175,13.305709,calls/second,milliseconds
1598452308,14032,0.035711,0.005591,0.000484,0.003504,0.004547,0.007707,0.011625,0.013343,0.014306,0.031018,33.423411,43.128465,28.419175,13.305709,calls/second,milliseconds
1598452309,14129,0.035711,0.005669,0.000484,0.003458,0.004610,0.007860,0.011347,0.013290,0.014306,0.031018,33.574444,42.638460,28.561003,13.436979,calls/second,milliseconds
1598452310,14150,0.035711,0.005659,0.000484,0.003449,0.004643,0.007820,0.011347,0.013143,0.014306,0.031018,33.544732,42.638460,28.561003,13.436979,calls/second,milliseconds
1598452311,14160,0.035711,0.005662,0.000484,0.003446,0.004620,0.007910,0.011307,0.013143,0.014306,0.031018,33.488954,42.638460,28.561003,13.436979,calls/second,milliseconds
1598452312,14206,0.035711,0.005681,0.000484,0.003427,0.004669,0.007920,0.011307,0.013033,0.014227,0.031018,33.518471,42.638460,28.561003,13.436979,calls/second,milliseconds
1598452313,14291,0.035711,0.005655,0.000484,0.003433,0.004653,0.007918,0.011253,0.013143,0.014844,0.031018,33.639695,42.638460,28.561003,13.436979,calls/second,milliseconds
1598452314,14305,0.035711,0.005641,0.000484,0.003400,0.004653,0.007910,0.011037,0.013014,0.014227,0.031018,33.593554,43.259039,28.921970,13.641760,calls/second,milliseconds
1598452315,14345,0.031018,0.005661,0.000484,0.003309,0.004669,0.007994,0.011080,0.012880,0.014227,0.031018,33.608469,43.259039,28.921970,13.641760,calls/second,milliseconds
1598452316,14436,0.031018,0.005624,0.000484,0.003321,0.004653,0.007986,0.011037,0.012880,0.014306,0.031018,33.742674,43.259039,28.921970,13.641760,calls/second,milliseconds
1598452317,14449,0.031018,0.005640,0.000484,0.003315,0.004669,0.007986,0.011037,0.012880,0.014306,0.031018,33.694297,43.259039,28.921970,13.641760,calls/second,milliseconds
1598452318,14469,0.031018,0.005626,0.000484,0.003319,0.004653,0.007986,0.011037,0.012880,0.014306,0.031018,33.662429,43.259039,28.921970,13.641760,calls/second,milliseconds
1598452319,14545,0.031018,0.005704,0.000484,0.003365,0.004674,0.008140,0.011520,0.013033,0.015063,0.031018,33.760819,42.598682,29.022431,13.760088,calls/second,milliseconds
1598452320,14583,0.031018,0.005685,0.000484,0.003361,0.004707,0.008124,0.011370,0.013014,0.015063,0.031018,33.770640,42.598682,29.022431,13.760088,calls/second,milliseconds
1598452321,14594,0.031018,0.005673,0.000484,0.003356,0.004697,0.008057,0.011370,0.013014,0.015063,0.031018,33.718172,42.598682,29.022431,13.760088,calls/second,milliseconds
1598452322,14614,0.031018,0.005679,0.000484,0.003355,0.004707,0.008108,0.011370,0.013014,0.015063,0.031018,33.686295,42.598682,29.022431,13.760088,calls/second,milliseconds
1598452323,14696,0.037080,0.005730,0.000484,0.003650,0.004683,0.008057,0.011664,0.013290,0.015072,0.037080,33.797436,42.598682,29.022431,13.760088,calls/second,milliseconds
1598452324,14732,0.037080,0.005663,0.000484,0.003639,0.004660,0.007927,0.011654,0.013290,0.015072,0.037080,33.802469,43.078521,29.346020,13.953106,calls/second,milliseconds
1598452325,14744,0.037080,0.005653,0.000484,0.003629,0.004653,0.007910,0.011597,0.013290,0.015063,0.037080,33.752566,43.078521,29.346020,13.953106,calls/second,milliseconds
1598452326,14786,0.037080,0.005717,0.000484,0.003654,0.004669,0.007997,0.011744,0.013593,0.015063,0.037080,33.771274,43.078521,29.346020,13.953106,calls/second,milliseconds
1598452327,14873,0.037080,0.005727,0.000484,0.003706,0.004670,0.007927,0.011744,0.014180,0.015072,0.037080,33.892896,43.078521,29.346020,13.953106,calls/second,milliseconds
1598452328,14886,0.037080,0.005737,0.000484,0.003701,0.004687,0.007927,0.011664,0.014020,0.015072,0.037080,33.845196,43.078521,29.346020,13.953106,calls/second,milliseconds
1598452329,14907,0.037080,0.005767,0.000484,0.003701,0.004687,0.007994,0.011680,0.013810,0.015072,0.037080,33.816110,42.416607,29.436166,14.068601,calls/second,milliseconds
1598452330,14988,0.037080,0.005824,0.000484,0.003704,0.004727,0.008057,0.011810,0.013810,0.015072,0.037080,33.922836,42.416607,29.436166,14.068601,calls/second,milliseconds
1598452331,15149,0.037080,0.005634,0.000484,0.003680,0.004597,0.007794,0.011744,0.013343,0.015072,0.037080,34.209969,42.416607,29.436166,14.068601,calls/second,milliseconds
1598452332,15160,0.037080,0.005753,0.000484,0.003957,0.004603,0.007860,0.011957,0.014787,0.018888,0.037080,34.187721,42.416607,29.436166,14.068601,calls/second,milliseconds
